page,raw_chars,cleaned_chars,raw_lines,cleaned_lines,raw_blank_lines,cleaned_blank_lines,raw_dot_sequences,cleaned_dot_sequences,raw_table_lines,cleaned_table_lines,raw_heading_lines,cleaned_heading_lines
1,76,55,22,5,19,2,0,0,0,0,0,0
2,971,678,290,27,264,3,0,0,24,22,1,1
3,69,65,4,3,2,1,0,0,0,0,1,1
4,970,942,48,43,26,21,0,0,0,0,5,5
5,83,69,9,5,4,1,0,0,4,3,1,1
6,778,759,34,29,19,14,0,0,0,0,1,1
7,1014,976,44,39,23,18,0,0,0,0,3,3
8,990,967,48,45,25,22,0,0,0,0,12,12
9,1954,1891,80,79,40,39,0,0,0,0,14,14
10,2526,2453,141,130,73,62,0,0,0,0,20,20
11,2387,2320,126,121,64,59,0,0,0,0,22,22
12,2062,2017,75,68,39,32,0,0,0,0,9,9
13,84,81,4,3,2,1,0,0,0,0,1,1
14,1002,979,44,41,23,20,0,0,0,0,2,2
15,68,53,7,3,4,1,0,0,2,1,1,1
16,1012,990,36,33,19,16,0,0,0,0,10,10
17,2591,2542,74,68,31,26,0,0,16,15,11,11
18,2432,2403,28,21,9,4,0,0,16,14,1,1
19,2811,2700,69,56,23,14,0,0,35,31,7,7
20,117,112,6,5,3,2,0,0,0,0,0,0
